{"slv_pos_x":-1.1676458200327034e-7,"slv_pos_y":1.8500001430511475,"slv_pos_z":1.8625189168730572e-9,"slv_name":"name","slv_is_visible":false}
